dataset,strategy,trial,seed,aubc,final_accuracy,source
splice,BALD,0,0,0,0,tabpfn_results_20260103_165514.json
splice,BALD,1,1,0,0,tabpfn_results_20260103_165514.json
splice,BALD,2,2,0,0,tabpfn_results_20260103_165514.json
splice,BALD,3,3,0,0,tabpfn_results_20260103_165514.json
splice,BALD,4,4,0,0,tabpfn_results_20260103_165514.json
splice,BALD,5,5,0,0,tabpfn_results_20260103_165514.json
splice,BALD,7,7,0,0,tabpfn_results_20260103_165514.json
splice,BALD,8,8,0,0,tabpfn_results_20260103_165514.json
splice,BALD,9,9,0,0,tabpfn_results_20260103_165514.json
splice,BALD,6,6,0,0,tabpfn_results_20260103_165514.json
splice,US-NC,0,0,0,0,tabpfn_results_20260103_165514.json
splice,US-NC,1,1,0,0,tabpfn_results_20260103_165514.json
splice,US-NC,3,3,0,0,tabpfn_results_20260103_165514.json
splice,US-NC,2,2,0,0,tabpfn_results_20260103_165514.json
splice,US-NC,9,9,0,0,tabpfn_results_20260103_165514.json
splice,US-NC,8,8,0,0,tabpfn_results_20260103_165514.json
splice,US-NC,6,6,0,0,tabpfn_results_20260103_165514.json
splice,US-NC,5,5,0,0,tabpfn_results_20260103_165514.json
splice,US-NC,4,4,0,0,tabpfn_results_20260103_165514.json
splice,US-NC,7,7,0,0,tabpfn_results_20260103_165514.json
ionosphere,BALD,6,6,0,0,tabpfn_results_20260103_174955.json
ionosphere,BALD,0,0,0,0,tabpfn_results_20260103_174955.json
ionosphere,BALD,1,1,0,0,tabpfn_results_20260103_174955.json
ionosphere,BALD,2,2,0,0,tabpfn_results_20260103_174955.json
ionosphere,BALD,3,3,0,0,tabpfn_results_20260103_174955.json
ionosphere,BALD,4,4,0,0,tabpfn_results_20260103_174955.json
ionosphere,BALD,5,5,0,0,tabpfn_results_20260103_174955.json
ionosphere,BALD,7,7,0,0,tabpfn_results_20260103_174955.json
ionosphere,BALD,9,9,0,0,tabpfn_results_20260103_174955.json
ionosphere,BALD,8,8,0,0,tabpfn_results_20260103_174955.json
ionosphere,US-NC,0,0,0,0,tabpfn_results_20260103_174955.json
ionosphere,US-NC,2,2,0,0,tabpfn_results_20260103_174955.json
ionosphere,US-NC,1,1,0,0,tabpfn_results_20260103_174955.json
ionosphere,US-NC,9,9,0,0,tabpfn_results_20260103_174955.json
ionosphere,US-NC,8,8,0,0,tabpfn_results_20260103_174955.json
ionosphere,US-NC,6,6,0,0,tabpfn_results_20260103_174955.json
ionosphere,US-NC,5,5,0,0,tabpfn_results_20260103_174955.json
ionosphere,US-NC,4,4,0,0,tabpfn_results_20260103_174955.json
ionosphere,US-NC,3,3,0,0,tabpfn_results_20260103_174955.json
ionosphere,US-NC,7,7,0,0,tabpfn_results_20260103_174955.json
pol,BALD,6,6,0,0,tabpfn_results_20260103_214453.json
pol,BALD,0,0,0,0,tabpfn_results_20260103_214453.json
pol,BALD,1,1,0,0,tabpfn_results_20260103_214453.json
pol,BALD,2,2,0,0,tabpfn_results_20260103_214453.json
pol,BALD,3,3,0,0,tabpfn_results_20260103_214453.json
pol,BALD,5,5,0,0,tabpfn_results_20260103_214453.json
pol,BALD,7,7,0,0,tabpfn_results_20260103_214453.json
pol,BALD,9,9,0,0,tabpfn_results_20260103_214453.json
pol,BALD,8,8,0,0,tabpfn_results_20260103_214453.json
pol,BALD,4,4,0,0,tabpfn_results_20260103_214453.json
pol,US-NC,0,0,0,0,tabpfn_results_20260103_214453.json
pol,US-NC,2,2,0,0,tabpfn_results_20260103_214453.json
pol,US-NC,1,1,0,0,tabpfn_results_20260103_214453.json
pol,US-NC,9,9,0,0,tabpfn_results_20260103_214453.json
pol,US-NC,8,8,0,0,tabpfn_results_20260103_214453.json
pol,US-NC,6,6,0,0,tabpfn_results_20260103_214453.json
pol,US-NC,5,5,0,0,tabpfn_results_20260103_214453.json
pol,US-NC,4,4,0,0,tabpfn_results_20260103_214453.json
pol,US-NC,3,3,0,0,tabpfn_results_20260103_214453.json
pol,US-NC,7,7,0,0,tabpfn_results_20260103_214453.json
pol,US,5,5,0,0,tabpfn_results_20260104_003947.json
ionosphere,Core-Set,8,8,0,0,tabpfn_results_20260104_003947.json
pol,US,4,4,0,0,tabpfn_results_20260104_003947.json
pol,US,3,3,0,0,tabpfn_results_20260104_003947.json
pol,US,2,2,0,0,tabpfn_results_20260104_003947.json
pol,US,1,1,0,0,tabpfn_results_20260104_003947.json
pol,US,0,0,0,0,tabpfn_results_20260104_003947.json
ionosphere,Core-Set,9,9,0,0,tabpfn_results_20260104_003947.json
ionosphere,Core-Set,7,7,0,0,tabpfn_results_20260104_003947.json
ionosphere,Core-Set,3,3,0,0,tabpfn_results_20260104_003947.json
ionosphere,Core-Set,5,5,0,0,tabpfn_results_20260104_003947.json
ionosphere,Core-Set,4,4,0,0,tabpfn_results_20260104_003947.json
ionosphere,Core-Set,2,2,0,0,tabpfn_results_20260104_003947.json
ionosphere,Core-Set,1,1,0,0,tabpfn_results_20260104_003947.json
ionosphere,Core-Set,0,0,0,0,tabpfn_results_20260104_003947.json
ionosphere,Random,9,9,0,0,tabpfn_results_20260104_003947.json
ionosphere,Random,8,8,0,0,tabpfn_results_20260104_003947.json
ionosphere,Random,7,7,0,0,tabpfn_results_20260104_003947.json
pol,US,6,6,0,0,tabpfn_results_20260104_003947.json
ionosphere,Core-Set,6,6,0,0,tabpfn_results_20260104_003947.json
pol,US,7,7,0,0,tabpfn_results_20260104_003947.json
pol,Core-Set,8,8,0,0,tabpfn_results_20260104_003947.json
pol,US,9,9,0,0,tabpfn_results_20260104_003947.json
pol,Core-Set,9,9,0,0,tabpfn_results_20260104_003947.json
ionosphere,Random,6,6,0,0,tabpfn_results_20260104_003947.json
pol,Core-Set,7,7,0,0,tabpfn_results_20260104_003947.json
pol,Core-Set,6,6,0,0,tabpfn_results_20260104_003947.json
pol,Core-Set,5,5,0,0,tabpfn_results_20260104_003947.json
pol,Core-Set,4,4,0,0,tabpfn_results_20260104_003947.json
pol,Core-Set,3,3,0,0,tabpfn_results_20260104_003947.json
pol,Core-Set,2,2,0,0,tabpfn_results_20260104_003947.json
pol,Core-Set,1,1,0,0,tabpfn_results_20260104_003947.json
pol,US,8,8,0,0,tabpfn_results_20260104_003947.json
pol,Core-Set,0,0,0,0,tabpfn_results_20260104_003947.json
pol,Random,8,8,0,0,tabpfn_results_20260104_003947.json
pol,Random,7,7,0,0,tabpfn_results_20260104_003947.json
pol,Random,6,6,0,0,tabpfn_results_20260104_003947.json
pol,Random,5,5,0,0,tabpfn_results_20260104_003947.json
pol,Random,4,4,0,0,tabpfn_results_20260104_003947.json
pol,Random,3,3,0,0,tabpfn_results_20260104_003947.json
pol,Random,2,2,0,0,tabpfn_results_20260104_003947.json
pol,Random,1,1,0,0,tabpfn_results_20260104_003947.json
pol,Random,0,0,0,0,tabpfn_results_20260104_003947.json
pol,Random,9,9,0,0,tabpfn_results_20260104_003947.json
ionosphere,Random,5,5,0,0,tabpfn_results_20260104_003947.json
splice,Core-Set,3,3,0,0,tabpfn_results_20260104_003947.json
ionosphere,Random,3,3,0,0,tabpfn_results_20260104_003947.json
splice,Random,8,8,0,0,tabpfn_results_20260104_003947.json
splice,Random,7,7,0,0,tabpfn_results_20260104_003947.json
splice,Random,6,6,0,0,tabpfn_results_20260104_003947.json
splice,Random,5,5,0,0,tabpfn_results_20260104_003947.json
splice,Random,4,4,0,0,tabpfn_results_20260104_003947.json
splice,Random,3,3,0,0,tabpfn_results_20260104_003947.json
splice,Random,2,2,0,0,tabpfn_results_20260104_003947.json
splice,Random,1,1,0,0,tabpfn_results_20260104_003947.json
splice,Random,0,0,0,0,tabpfn_results_20260104_003947.json
splice,US,9,9,0,0,tabpfn_results_20260104_003947.json
splice,US,8,8,0,0,tabpfn_results_20260104_003947.json
splice,US,7,7,0,0,tabpfn_results_20260104_003947.json
splice,US,6,6,0,0,tabpfn_results_20260104_003947.json
splice,US,5,5,0,0,tabpfn_results_20260104_003947.json
splice,US,4,4,0,0,tabpfn_results_20260104_003947.json
splice,US,3,3,0,0,tabpfn_results_20260104_003947.json
splice,US,2,2,0,0,tabpfn_results_20260104_003947.json
splice,US,1,1,0,0,tabpfn_results_20260104_003947.json
splice,Random,9,9,0,0,tabpfn_results_20260104_003947.json
ionosphere,Random,4,4,0,0,tabpfn_results_20260104_003947.json
splice,Core-Set,0,0,0,0,tabpfn_results_20260104_003947.json
splice,Core-Set,2,2,0,0,tabpfn_results_20260104_003947.json
ionosphere,Random,2,2,0,0,tabpfn_results_20260104_003947.json
ionosphere,Random,1,1,0,0,tabpfn_results_20260104_003947.json
ionosphere,Random,0,0,0,0,tabpfn_results_20260104_003947.json
ionosphere,US,9,9,0,0,tabpfn_results_20260104_003947.json
ionosphere,US,8,8,0,0,tabpfn_results_20260104_003947.json
ionosphere,US,7,7,0,0,tabpfn_results_20260104_003947.json
ionosphere,US,6,6,0,0,tabpfn_results_20260104_003947.json
ionosphere,US,5,5,0,0,tabpfn_results_20260104_003947.json
splice,Core-Set,1,1,0,0,tabpfn_results_20260104_003947.json
ionosphere,US,4,4,0,0,tabpfn_results_20260104_003947.json
ionosphere,US,2,2,0,0,tabpfn_results_20260104_003947.json
ionosphere,US,1,1,0,0,tabpfn_results_20260104_003947.json
ionosphere,US,0,0,0,0,tabpfn_results_20260104_003947.json
splice,Core-Set,9,9,0,0,tabpfn_results_20260104_003947.json
splice,Core-Set,8,8,0,0,tabpfn_results_20260104_003947.json
splice,Core-Set,7,7,0,0,tabpfn_results_20260104_003947.json
splice,Core-Set,6,6,0,0,tabpfn_results_20260104_003947.json
splice,Core-Set,5,5,0,0,tabpfn_results_20260104_003947.json
splice,Core-Set,4,4,0,0,tabpfn_results_20260104_003947.json
ionosphere,US,3,3,0,0,tabpfn_results_20260104_003947.json
splice,US,0,0,0,0,tabpfn_results_20260109_230011.json
